-- Mockingbird demo data dump
-- This clears all data of specified user and reinserts them back, adjusting times.

SET @DEMOID=2;

SET AUTOCOMMIT=0;
START TRANSACTION;

-- Delete transactions first with FK off as transactions cross-reference counter-transactiosn
SET FOREIGN_KEY_CHECKS=0;
DELETE FROM transactions WHERE user_id = @DEMOID;
SET FOREIGN_KEY_CHECKS=1;

-- Delete user and all associated data
DELETE FROM users WHERE id = @DEMOID;

-- Prepare to insert data dump
SET FOREIGN_KEY_CHECKS=0;
SET SQL_MODE="NO_AUTO_VALUE_ON_ZERO";
SET NAMES UTF8;

-- Insert user record
INSERT INTO users (id, email, algorithm, salt, password, locked, is_superuser, last_login, created_at, updated_at) VALUES
(@DEMOID, 'demo@mockingbird.ru', '', '', '', NULL, 0, NULL, NULL, NULL);

-- Insert associated data . . .
INSERT INTO accounts (id, user_id, title, currency_id, initial_amount, isclosed, isdebt, iscredit, color, created_at, updated_at) VALUES
(1, @DEMOID, 'Наличные', 1, '1234.00', 0, 0, 0, '#FF6A00', '2012-08-28 15:00:00', NULL),
(2, @DEMOID, 'Счет в банке B', 1, '321.00', 0, 0, 0, '#007F0E', '2012-08-28 15:00:00', '2012-09-25 23:15:28'),
(3, @DEMOID, 'Счет в банке А', 1, '-2345.00', 0, 0, 0, '#FF0000', '2012-08-28 15:00:00', '2012-09-25 23:15:16'),
(4, @DEMOID, 'Долг за кредит', 1, '-10000.00', 0, 1, 1, '#FF00DC', '2012-08-28 15:00:00', '2012-09-25 23:30:27'),
(5, @DEMOID, 'Наличные евро', 2, '32.10', 0, 0, 0, '#0000FF', '2012-08-28 15:00:00', NULL);

INSERT INTO budgets (id, user_id, year, month, currency_id) VALUES
(1, @DEMOID, 2012, 10, 1);

INSERT INTO budget_entries (id, budget_id, category_id, amount, when_entry, description) VALUES
(1, 1, 6, '-1000.00', 0, ''),
(2, 1, 9, '26600.00', 1, 'Зарплата'),
(3, 1, 9, '17700.00', 15, 'Аванс'),
(4, 1, 18, '-13500.00', 17, 'Плата за квартиру'),
(5, 1, 1, '-5000.00', 0, ''),
(6, 1, 7, '-4000.00', 0, ''),
(7, 1, 3, '-2000.00', 0, ''),
(8, 1, 8, '-1500.00', 0, ''),
(9, 1, 10, '-5000.00', 0, ''),
(10, 1, 2, '-400.00', 0, ''),
(11, 1, 5, '-600.00', 0, ''),
(12, 1, 17, '-7000.00', 4, 'Финская виза'),
(14, 1, 11, '-2000.00', 10, ''),
(15, 1, 14, '3500.00', 15, 'Долг подруги');

INSERT INTO counter_parties (id, user_id, title) VALUES
(17, @DEMOID, 'JetBrains'),
(18, @DEMOID, 'Банк B'),
(20, @DEMOID, 'Бургер-Кинг'),
(10, @DEMOID, 'Городской транспорт'),
(8, @DEMOID, 'Дикси'),
(19, @DEMOID, 'Домовой'),
(13, @DEMOID, 'Зоопарк СПб'),
(22, @DEMOID, 'Икея'),
(24, @DEMOID, 'Икея ресторан'),
(15, @DEMOID, 'Карлс-Джуниор'),
(26, @DEMOID, 'КАРО-Фильм'),
(29, @DEMOID, 'Кафе в путешествиях'),
(12, @DEMOID, 'Киллфиш'),
(23, @DEMOID, 'Крошка-Картошка'),
(3, @DEMOID, 'Макдоналдс'),
(4, @DEMOID, 'Маршрутки'),
(30, @DEMOID, 'Междугородние автобусы'),
(21, @DEMOID, 'Мелкие продуктовые магазины'),
(5, @DEMOID, 'Метро'),
(7, @DEMOID, 'Миа-Суши'),
(9, @DEMOID, 'Моя работа'),
(28, @DEMOID, 'Музеи Выборга'),
(6, @DEMOID, 'Палатки с едой'),
(16, @DEMOID, 'Перекресток'),
(25, @DEMOID, 'Пицца Оллис'),
(1, @DEMOID, 'РиоМаг'),
(11, @DEMOID, 'Стоматология Do-Ctor'),
(2, @DEMOID, 'ТЕЛЕ2'),
(31, @DEMOID, 'Хозяева квартиры'),
(27, @DEMOID, 'Электрички'),
(14, @DEMOID, 'Яркий Мир Рукоделия');

INSERT INTO settings (id, user_id, `key`, `value`) VALUES
(1, @DEMOID, 'tour.state', '{"mockingbird":{"intro1":true,"intro2":true,"intro3":true,"intro4":true,"intro5":true,"budget":true,"dashboard":true,"transactions":true}}'),
(2, @DEMOID, 'core.l10n.language', '"ru"');

INSERT INTO transactions (id, user_id, title, category_id, account_id, target_account_id, counter_transaction_id, counter_party_id, parent_transaction_id, amount, isprojected, created_at, updated_at) VALUES
(1, @DEMOID, 'Проезд м. Удельная -> Новоколомяжский просп. @ маршр. К-40', 3, 1, NULL, NULL, 4, NULL, '-30.00', 0, '2012-08-29 11:30:00', NULL),
(2, @DEMOID, 'Еда на работу в РиоМаге', 1, 3, NULL, NULL, 1, NULL, '0.00', 0, '2012-08-29 12:01:00', NULL),
(3, @DEMOID, 'Багет традиционный', 1, 3, NULL, NULL, 1, 2, '-26.10', 0, '2012-08-29 12:01:00', NULL),
(4, @DEMOID, 'Кока-Кола 1 л', 1, 3, NULL, NULL, 1, 2, '-44.10', 0, '2012-08-29 12:01:00', NULL),
(5, @DEMOID, 'Сырные палочки x3', 1, 3, NULL, NULL, 1, 2, '-40.80', 0, '2012-08-29 12:01:00', NULL),
(6, @DEMOID, 'Снятие наличных', 4, 3, 1, 7, NULL, NULL, '-2900.00', 0, '2012-08-29 20:02:00', NULL),
(7, @DEMOID, 'Снятие наличных', 4, 1, 3, 6, NULL, NULL, '2900.00', 0, '2012-08-29 20:02:00', NULL),
(8, @DEMOID, 'Жетоны метро x4', 3, 1, NULL, NULL, 5, NULL, '-108.00', 0, '2012-08-29 20:20:00', NULL),
(9, @DEMOID, 'Проезд м. Удельная -> Новоколомяжский просп. @ маршр. К-40', 3, 1, NULL, NULL, 4, NULL, '-30.00', 0, '2012-08-30 11:35:00', NULL),
(10, @DEMOID, 'Еда на работу в палатке', 1, 1, NULL, NULL, 6, NULL, '0.00', 0, '2012-08-30 11:30:00', NULL),
(11, @DEMOID, 'Квас 0.5 л', 1, 1, NULL, NULL, 6, 10, '-35.00', 0, '2012-08-30 11:30:00', NULL),
(12, @DEMOID, 'Самса с мясом x2', 1, 1, NULL, NULL, 6, 10, '-54.00', 0, '2012-08-30 11:30:00', NULL),
(13, @DEMOID, 'Еда в Макдоналдсе у м. Удельной', 1, 1, NULL, NULL, 3, NULL, '0.00', 0, '2012-08-30 20:48:00', NULL),
(14, @DEMOID, 'Кока-Кола мал.', 1, 1, NULL, NULL, 3, 13, '-34.00', 0, '2012-08-30 20:48:00', NULL),
(15, @DEMOID, 'Чикенбургер с беконом x2', 1, 1, NULL, NULL, 3, 13, '-110.00', 0, '2012-08-30 20:48:00', NULL),
(16, @DEMOID, 'Картошка-фри бол.', 1, 1, NULL, NULL, 3, 13, '-67.00', 0, '2012-08-30 20:48:00', NULL),
(17, @DEMOID, 'Плата за сотовый ТЕЛЕ2 через терминал', 2, 1, NULL, NULL, 2, NULL, '-200.00', 0, '2012-08-30 21:15:00', NULL),
(18, @DEMOID, 'Проезд м. Удельная -> Новоколомяжский просп. @ маршр. К-40', 3, 1, NULL, NULL, 4, NULL, '-30.00', 0, '2012-08-31 12:00:00', NULL),
(19, @DEMOID, 'Еда на работу в РиоМаге', 1, 1, NULL, NULL, 1, NULL, '0.00', 0, '2012-08-31 12:13:00', NULL),
(20, @DEMOID, 'Губка для обуви', 5, 1, NULL, NULL, 1, 19, '-39.10', 0, '2012-08-31 12:13:00', NULL),
(21, @DEMOID, 'Нести 1 л', 1, 1, NULL, NULL, 1, 19, '-54.30', 0, '2012-08-31 12:13:00', NULL),
(22, @DEMOID, 'Киндер-шоколад большой', 1, 1, NULL, NULL, 1, 19, '-56.80', 0, '2012-08-31 12:13:00', NULL),
(23, @DEMOID, 'Багет с чесночным маслом x2', 1, 1, NULL, NULL, 1, 19, '-92.80', 0, '2012-08-31 12:13:00', NULL),
(24, @DEMOID, 'Жетоны метро x4', 3, 1, NULL, NULL, 5, NULL, '-108.00', 0, '2012-08-31 20:40:00', NULL),
(25, @DEMOID, 'Суши для соседки в Миа-Суши заказ', 6, 1, NULL, NULL, 7, NULL, '-650.00', 0, '2012-09-01 12:20:00', NULL),
(26, @DEMOID, 'Еда в Макдоналдсе у м. Петроградской с девушкой', 7, 1, NULL, NULL, 3, NULL, '0.00', 0, '2012-09-01 19:21:00', NULL),
(27, @DEMOID, 'Кока-Кола стд. для девушки', 7, 1, NULL, NULL, 3, 26, '-49.00', 0, '2012-09-01 19:21:00', '2012-09-25 23:36:55'),
(28, @DEMOID, 'Кока-Кола стд.', 1, 1, NULL, NULL, 3, 26, '-49.00', 0, '2012-09-01 19:21:00', '2012-09-25 23:36:55'),
(29, @DEMOID, 'Биф-ролл для девушки', 7, 1, NULL, NULL, 3, 26, '-119.00', 0, '2012-09-01 19:21:00', '2012-09-25 23:36:55'),
(30, @DEMOID, 'Чизбургер x2 для девушки', 7, 1, NULL, NULL, 3, 26, '-84.00', 0, '2012-09-01 19:21:00', '2012-09-25 23:36:55'),
(31, @DEMOID, 'Чизбургер x2', 1, 1, NULL, NULL, 3, 26, '-84.00', 0, '2012-09-01 19:21:00', '2012-09-25 23:36:55'),
(32, @DEMOID, 'Картошка-фри бол.', 1, 1, NULL, NULL, 3, 26, '-67.00', 0, '2012-09-01 19:21:00', '2012-09-25 23:36:55'),
(33, @DEMOID, 'Еда и выпивка в Дикси у дома', 1, 1, NULL, NULL, 8, NULL, '0.00', 0, '2012-09-01 21:51:00', NULL),
(34, @DEMOID, 'Эдельвейс 0.5 л x2', 8, 1, NULL, NULL, 8, 33, '-125.80', 0, '2012-09-01 21:51:00', NULL),
(35, @DEMOID, 'Кока-Кола 2 л', 1, 1, NULL, NULL, 8, 33, '-51.90', 0, '2012-09-01 21:51:00', NULL),
(36, @DEMOID, 'Жатецкий Гусь 0.5 л x2', 8, 1, NULL, NULL, 8, 33, '-81.80', 0, '2012-09-01 21:51:00', NULL),
(37, @DEMOID, 'Зарплата', 9, 3, NULL, NULL, 9, NULL, '23456.70', 0, '2012-09-03 07:10:46', NULL),
(38, @DEMOID, 'Жетоны метро x3', 3, 1, NULL, NULL, 5, NULL, '-81.00', 0, '2012-09-03 11:15:00', NULL),
(39, @DEMOID, 'Проезд м. Удельная -> Новоколомяжский просп. @ маршр. К-40', 3, 1, NULL, NULL, 4, NULL, '-30.00', 0, '2012-09-04 12:00:00', NULL),
(40, @DEMOID, 'Жетоны метро x3', 3, 1, NULL, NULL, 5, NULL, '-81.00', 0, '2012-09-04 20:10:00', '2012-09-19 01:12:46'),
(41, @DEMOID, 'Проезд ул. Тосина -> Соломахинский пр. @ авт. 26', 3, 1, NULL, NULL, 10, NULL, '-23.00', 0, '2012-09-03 22:15:00', NULL),
(42, @DEMOID, 'Еда на работу в РиоМаге', 1, 3, NULL, NULL, 1, NULL, '0.00', 0, '2012-09-03 12:10:00', NULL),
(43, @DEMOID, 'Сок Да! яблочный 2 л', 1, 3, NULL, NULL, 1, 42, '-67.80', 0, '2012-09-03 12:10:00', NULL),
(44, @DEMOID, 'Киндер-шоколад большой', 1, 3, NULL, NULL, 1, 42, '-56.80', 0, '2012-09-03 12:10:00', NULL),
(45, @DEMOID, 'Чоко-Пай большая упаковка', 1, 3, NULL, NULL, 1, 42, '-100.90', 0, '2012-09-03 12:10:00', NULL),
(46, @DEMOID, 'Еда в Макдоналдсе у м. Удельной', 1, 1, NULL, NULL, 3, NULL, '0.00', 0, '2012-09-04 19:33:00', NULL),
(47, @DEMOID, 'Кока-Кола мал.', 1, 1, NULL, NULL, 3, 46, '-34.00', 0, '2012-09-04 19:33:00', NULL),
(48, @DEMOID, 'Гамбургер x3', 1, 1, NULL, NULL, 3, 46, '-96.00', 0, '2012-09-04 19:33:00', NULL),
(49, @DEMOID, 'Картошка-фри бол. x2', 1, 1, NULL, NULL, 3, 46, '-134.00', 0, '2012-09-04 19:33:00', NULL),
(50, @DEMOID, 'Еда и выпивка в Дикси у дома', 1, 3, NULL, NULL, 8, NULL, '0.00', 0, '2012-09-04 21:03:00', NULL),
(51, @DEMOID, 'Жвачка Орбит', 1, 3, NULL, NULL, 8, 50, '-17.90', 0, '2012-09-04 21:03:00', NULL),
(52, @DEMOID, 'Чебурели x2', 1, 3, NULL, NULL, 8, 50, '-159.80', 0, '2012-09-04 21:03:00', NULL),
(53, @DEMOID, 'Велкопоповицкий Козел темн. 0.5 л x2', 8, 3, NULL, NULL, 8, 50, '-89.80', 0, '2012-09-04 21:03:00', NULL),
(54, @DEMOID, 'Кока-Кола 2 л', 1, 3, NULL, NULL, 8, 50, '-51.90', 0, '2012-09-04 21:03:00', NULL),
(55, @DEMOID, 'Лёвенбрау 0.5 л x2', 8, 3, NULL, NULL, 8, 50, '-83.80', 0, '2012-09-04 21:03:00', NULL),
(56, @DEMOID, 'Проезд м. Удельная -> Новоколомяжский просп. @ маршр. К-40', 3, 1, NULL, NULL, 4, NULL, '-30.00', 0, '2012-09-05 11:40:00', NULL),
(57, @DEMOID, 'Проезд м. Удельная -> Новоколомяжский просп. @ маршр. К-40', 3, 1, NULL, NULL, 4, NULL, '-30.00', 0, '2012-09-06 12:20:00', NULL),
(58, @DEMOID, 'Еда на работу в РиоМаге', 1, 1, NULL, NULL, 1, NULL, '0.00', 0, '2012-09-05 11:55:00', NULL),
(59, @DEMOID, 'Кока-Кола 1 л', 1, 1, NULL, NULL, 1, 58, '-43.80', 0, '2012-09-05 11:55:00', NULL),
(60, @DEMOID, 'Сырные палочки x3', 1, 1, NULL, NULL, 1, 58, '-43.20', 0, '2012-09-05 11:55:00', NULL),
(61, @DEMOID, 'Cнятие наличных', 4, 3, 1, 62, NULL, NULL, '-2900.00', 0, '2012-09-05 20:02:00', NULL),
(62, @DEMOID, 'Cнятие наличных', 4, 1, 3, 61, NULL, NULL, '2900.00', 0, '2012-09-05 20:02:00', NULL),
(63, @DEMOID, 'Проезд ул. Зины Портновой -> м. Кировский Завод @ тролл. 20', 3, 1, NULL, NULL, 10, NULL, '-23.00', 0, '2012-09-06 10:45:00', NULL),
(64, @DEMOID, 'Лечение зубов', 10, 1, NULL, NULL, 11, NULL, '-1000.00', 0, '2012-09-06 11:35:00', NULL),
(65, @DEMOID, 'Жетоны метро x4', 3, 1, NULL, NULL, 5, NULL, '-108.00', 0, '2012-09-06 11:40:00', NULL),
(66, @DEMOID, 'Проезд м. Удельная -> Новоколомяжский просп. @ маршр. К-40', 3, 1, NULL, NULL, 4, NULL, '-30.00', 0, '2012-09-07 12:20:00', NULL),
(67, @DEMOID, 'Пиво в Киллфише на Удельной с девушкой', 7, 1, NULL, NULL, 12, NULL, '-400.00', 0, '2012-09-07 20:00:00', '2012-09-19 01:11:06'),
(68, @DEMOID, 'Еда на работу в РиоМаге', 1, 1, NULL, NULL, 1, NULL, '0.00', 0, '2012-09-07 12:32:00', NULL),
(69, @DEMOID, 'Багет традиционный', 1, 1, NULL, NULL, 1, 68, '-26.80', 0, '2012-09-07 12:32:00', NULL),
(70, @DEMOID, 'Нектар Фруктовый сад апельсиновый 1 л', 1, 1, NULL, NULL, 1, 68, '-32.90', 0, '2012-09-07 12:32:00', NULL),
(71, @DEMOID, 'Киндер-шоколад большой', 1, 1, NULL, NULL, 1, 68, '-56.80', 0, '2012-09-07 12:32:00', NULL),
(72, @DEMOID, 'Жетоны метро x3', 3, 1, NULL, NULL, 5, NULL, '-81.00', 0, '2012-09-08 11:50:00', NULL),
(73, @DEMOID, 'Зоопарк СПб с девушкой', 7, 1, NULL, NULL, 13, NULL, '-550.00', 0, '2012-09-08 13:30:00', '2012-09-19 01:10:44'),
(74, @DEMOID, 'Еда в кафе зоопарка с девушкой', 7, 1, NULL, NULL, 13, NULL, '-400.00', 0, '2012-09-08 16:00:00', '2012-09-19 01:10:28'),
(75, @DEMOID, 'Проезд Петровская пл. -> Малая Объездная ул./м. Политехническая @ маршр. К-321', 3, 1, NULL, NULL, 4, NULL, '-70.00', 0, '2012-09-08 19:00:00', NULL),
(76, @DEMOID, 'Снятие наличных', 4, 3, 1, 77, NULL, NULL, '-3000.00', 0, '2012-09-09 18:21:00', NULL),
(77, @DEMOID, 'Снятие наличных', 4, 1, 3, 76, NULL, NULL, '3000.00', 0, '2012-09-09 18:21:00', NULL),
(78, @DEMOID, 'Нитки серые', 11, 1, NULL, NULL, 14, NULL, '-100.00', 0, '2012-09-09 18:31:00', NULL),
(79, @DEMOID, 'Еда в Карлс-Джуниоре на Сенной с девушкой', 7, 1, NULL, NULL, 15, NULL, '-349.00', 0, '2012-09-09 20:44:00', '2012-09-19 01:09:47'),
(80, @DEMOID, 'Молоко Простоквашино для соседки', 6, 1, NULL, NULL, 16, NULL, '-37.00', 0, '2012-09-09 23:15:00', NULL),
(81, @DEMOID, 'Проезд Сенная пл. -> Ленинский просп. @ маршр. К-195', 3, 1, NULL, NULL, 4, NULL, '-35.00', 0, '2012-09-09 23:30:00', NULL),
(82, @DEMOID, 'Жетоны метро x3', 3, 1, NULL, NULL, 4, NULL, '-81.00', 0, '2012-09-10 12:10:00', NULL),
(83, @DEMOID, 'Плата за сотовый ТЕЛЕ2 через терминал', 2, 1, NULL, NULL, 2, NULL, '-100.00', 0, '2012-09-10 13:04:00', NULL),
(84, @DEMOID, 'Проезд м. Удельная -> Новоколомяжский просп. @ маршр. К-40', 3, 1, NULL, NULL, 4, NULL, '-30.00', 0, '2012-09-10 12:55:00', NULL),
(85, @DEMOID, 'Еда на работу в РиоМаге', 1, 1, NULL, NULL, 1, NULL, '0.00', 0, '2012-09-10 13:02:00', NULL),
(86, @DEMOID, 'Сырные палочки x3', 1, 1, NULL, NULL, 1, 85, '-57.40', 0, '2012-09-10 13:02:00', NULL),
(87, @DEMOID, 'Кока-кола 1 л', 1, 1, NULL, NULL, 1, 85, '-44.10', 0, '2012-09-10 13:02:00', NULL),
(88, @DEMOID, 'Среда разработки PhpStorm (перс. лицензия)', 12, 3, NULL, NULL, 17, NULL, '-1587.60', 0, '2012-09-10 15:45:00', NULL),
(89, @DEMOID, 'Еда в Макдоналдсе у м. Удельной', 1, 1, NULL, NULL, 3, NULL, '0.00', 0, '2012-09-10 19:23:00', NULL),
(90, @DEMOID, 'Кока-Кола мал.', 1, 1, NULL, NULL, 3, 89, '-34.00', 0, '2012-09-10 19:23:00', NULL),
(91, @DEMOID, 'Двойной чизбургер', 1, 1, NULL, NULL, 3, 89, '-82.00', 0, '2012-09-10 19:23:00', NULL),
(92, @DEMOID, 'Картошка-фри бол.', 1, 1, NULL, NULL, 3, 89, '-67.00', 0, '2012-09-10 19:23:00', NULL),
(93, @DEMOID, 'Обслуживание карт банка B', 13, 2, NULL, NULL, 18, NULL, '-89.00', 0, '2012-09-11 00:00:00', NULL),
(94, @DEMOID, 'Перевод  между счетами (через наличные)', 4, 3, 2, 95, NULL, NULL, '-6000.00', 0, '2012-09-11 12:28:00', NULL),
(95, @DEMOID, 'Перевод  между счетами (через наличные)', 4, 2, 3, 94, NULL, NULL, '6000.00', 0, '2012-09-11 12:28:00', NULL),
(96, @DEMOID, 'Выплата долга за кредит', 14, 2, 4, 97, NULL, NULL, '-5097.50', 0, '2012-09-11 18:00:00', NULL),
(97, @DEMOID, 'Выплата долга за кредит', 14, 4, 2, 96, NULL, NULL, '5000.00', 0, '2012-09-11 18:00:00', '2012-09-25 23:33:05'),
(98, @DEMOID, 'Лампочки обычные 60 Вт x4', 15, 1, NULL, NULL, 19, NULL, '-76.00', 0, '2012-09-11 11:08:00', NULL),
(99, @DEMOID, 'Еда и выпивка в Дикси у дома', 1, 1, NULL, NULL, 8, NULL, '0.00', 0, '2012-09-08 20:47:00', NULL),
(100, @DEMOID, 'Колбаса праздничная в нарезке', 1, 1, NULL, NULL, 8, 99, '-71.90', 0, '2012-09-08 20:47:00', NULL),
(101, @DEMOID, 'Бельмеши', 1, 1, NULL, NULL, 8, 99, '-96.90', 0, '2012-09-08 20:47:00', NULL),
(102, @DEMOID, 'Эдельвейс 0.5 л x2', 8, 1, NULL, NULL, 8, 99, '-125.80', 0, '2012-09-08 20:47:00', NULL),
(103, @DEMOID, 'Кока-Кола 2 л', 1, 1, NULL, NULL, 8, 99, '-51.90', 0, '2012-09-08 20:47:00', NULL),
(104, @DEMOID, 'Лёвенбрау 0.5 л x2', 8, 1, NULL, NULL, 8, 99, '-83.80', 0, '2012-09-08 20:47:00', NULL),
(105, @DEMOID, 'Колбаски салямки', 1, 1, NULL, NULL, 8, 99, '-37.90', 0, '2012-09-08 20:47:00', NULL),
(106, @DEMOID, 'Пакет большой', 1, 1, NULL, NULL, 8, 99, '-2.50', 0, '2012-09-08 20:47:00', NULL),
(107, @DEMOID, 'Проезд м. Удельная -> Новоколомяжский просп. @ маршр. К-40', 3, 1, NULL, NULL, 4, NULL, '-30.00', 0, '2012-09-11 13:00:00', NULL),
(108, @DEMOID, 'Жетоны метро x3', 3, 1, NULL, NULL, 5, NULL, '-81.00', 0, '2012-09-11 19:15:00', NULL),
(109, @DEMOID, 'Проезд Варшавская ул. -> Соломахинский пр. @ авт. 26', 3, 1, NULL, NULL, 10, NULL, '-23.00', 0, '2012-09-11 20:45:00', NULL),
(110, @DEMOID, 'Еда на работу в палатке', 1, 1, NULL, NULL, 6, NULL, '0.00', 0, '2012-09-11 12:45:00', NULL),
(111, @DEMOID, 'Пирожок с яйцом, ветчиной и сыром x2', 1, 1, NULL, NULL, 6, 110, '-56.00', 0, '2012-09-11 12:45:00', NULL),
(112, @DEMOID, 'Квас 0.5 л', 1, 1, NULL, NULL, 6, 110, '-35.00', 0, '2012-09-11 12:45:00', NULL),
(113, @DEMOID, 'Еда на работу в РиоМаге', 1, 3, NULL, NULL, 1, NULL, '0.00', 0, '2012-09-12 12:16:00', NULL),
(114, @DEMOID, 'Багет с чесночным маслом x2', 1, 3, NULL, NULL, 1, 113, '-92.60', 0, '2012-09-12 12:16:00', NULL),
(115, @DEMOID, 'Киндер-шоколад большой', 1, 3, NULL, NULL, 1, 113, '-56.80', 0, '2012-09-12 12:16:00', NULL),
(116, @DEMOID, 'Кока-Кола 1 л', 1, 3, NULL, NULL, 1, 113, '-44.10', 0, '2012-09-12 12:16:00', NULL),
(117, @DEMOID, 'Блонди/брауни x4 для соседки в БК у Петропавловки', 6, 1, NULL, NULL, 20, NULL, '-260.00', 0, '2012-09-12 20:18:00', NULL),
(118, @DEMOID, 'Двойной чизбургер в БК у Петропавловки', 1, 1, NULL, NULL, 20, NULL, '-80.00', 0, '2012-09-12 20:18:00', NULL),
(119, @DEMOID, 'Еда и выпивка в Дикси у дома', 1, 1, NULL, NULL, 8, NULL, '0.00', 0, '2012-09-12 21:16:00', '2012-09-19 01:07:58'),
(120, @DEMOID, 'Чебурели x3', 1, 1, NULL, NULL, 8, 119, '-239.70', 0, '2012-09-12 21:16:00', '2012-09-19 01:07:58'),
(121, @DEMOID, 'Шампанское российское', 8, 1, NULL, NULL, 8, 119, '-123.90', 0, '2012-09-12 21:16:00', '2012-09-19 01:07:58'),
(122, @DEMOID, 'Попкорн соленый для м/в x4', 1, 1, NULL, NULL, 8, 119, '-86.00', 0, '2012-09-12 21:16:00', '2012-09-19 01:07:58'),
(123, @DEMOID, 'Кока-Кола 2 л', 1, 1, NULL, NULL, 8, 119, '-51.90', 0, '2012-09-12 21:16:00', '2012-09-19 01:07:58'),
(124, @DEMOID, 'Невское классическое 0.5 л x2', 8, 1, NULL, NULL, 8, 119, '-83.80', 0, '2012-09-12 21:16:00', '2012-09-19 01:07:58'),
(125, @DEMOID, 'Пакет большой', 1, 1, NULL, NULL, 8, 119, '-2.50', 0, '2012-09-12 21:16:00', '2012-09-19 01:07:58'),
(126, @DEMOID, 'Проезд м. Удельная -> Новоколомяжский просп. @ маршр. К-40', 3, 1, NULL, NULL, 4, NULL, '-30.00', 0, '2012-09-12 12:00:00', NULL),
(127, @DEMOID, 'Жетоны метро x3', 3, 1, NULL, NULL, 5, NULL, '-81.00', 0, '2012-09-12 20:40:00', NULL),
(128, @DEMOID, 'Еда на работу в РиоМаге', 1, 1, NULL, NULL, 1, NULL, '0.00', 0, '2012-09-13 12:28:00', NULL),
(129, @DEMOID, 'Добрый нектар апельсиновый 2 л', 1, 1, NULL, NULL, 1, 128, '-69.40', 0, '2012-09-13 12:28:00', NULL),
(130, @DEMOID, 'Багет с чесночным маслом x2', 1, 1, NULL, NULL, 1, 128, '-92.80', 0, '2012-09-13 12:28:00', NULL),
(131, @DEMOID, 'Киндер-шоколад маленький', 1, 1, NULL, NULL, 1, 128, '-28.80', 0, '2012-09-13 12:28:00', NULL),
(132, @DEMOID, 'Снятие наличных', 4, 3, 1, 133, NULL, NULL, '-4000.00', 0, '2012-09-13 19:30:00', NULL),
(133, @DEMOID, 'Снятие наличных', 4, 1, 3, 132, NULL, NULL, '4000.00', 0, '2012-09-13 19:30:00', NULL),
(134, @DEMOID, 'Жвачка Орбит в продуктовом у автобусного кольца м. Удельная', 1, 1, NULL, NULL, 21, NULL, '-18.00', 0, '2012-09-13 19:45:00', NULL),
(135, @DEMOID, 'Лечение зубов', 10, 1, NULL, NULL, 11, NULL, '-2000.00', 0, '2012-09-14 10:55:00', NULL),
(136, @DEMOID, 'Проезд ул. Зины Портновой -> м. Кировский Завод @ маршр. К-20', 3, 1, NULL, NULL, 4, NULL, '-35.00', 0, '2012-09-14 09:50:00', NULL),
(137, @DEMOID, 'Проезд м. Удельная -> Новоколомяжский просп. @ маршр. К-40', 3, 1, NULL, NULL, 4, NULL, '-30.00', 0, '2012-09-14 11:45:00', NULL),
(138, @DEMOID, 'Жетоны метро x4', 3, 1, NULL, NULL, 5, NULL, '-108.00', 0, '2012-09-14 11:00:00', '2012-09-19 01:06:50'),
(139, @DEMOID, 'Аванс', 9, 3, NULL, NULL, 9, NULL, '21098.70', 0, '2012-09-14 11:51:00', NULL),
(140, @DEMOID, 'Проезд м. Волковская -> ул. Зины Портновой @ маршр. К-344', 3, 1, NULL, NULL, 4, NULL, '-35.00', 0, '2012-09-15 21:00:00', '2012-09-19 01:15:41'),
(141, @DEMOID, 'Проезд Ленинский просп. -> МЕГА Дыбенко @ маршр. К-339 туда и обр.', 3, 1, NULL, NULL, 4, NULL, '-70.00', 0, '2012-09-16 19:00:00', '2012-09-19 01:16:39'),
(142, @DEMOID, 'Проезд м. Удельная -> Новоколомяжский просп. @ маршр. К-40', 3, 1, NULL, NULL, 4, NULL, '-30.00', 0, '2012-09-17 11:45:00', '2012-09-19 01:17:19'),
(143, @DEMOID, 'Жетоны метро x3', 3, 1, NULL, NULL, 5, NULL, '-81.00', 0, '2012-09-17 22:00:00', '2012-09-19 01:18:04'),
(144, @DEMOID, 'Проезд ул. Зины Портновой -> м. Кировский Завод @ маршр. К-20', 3, 1, NULL, NULL, 4, NULL, '-35.00', 0, '2012-09-18 09:50:00', '2012-09-19 01:18:41'),
(145, @DEMOID, 'Лечение зубов', 10, 1, NULL, NULL, 11, NULL, '-1500.00', 0, '2012-09-18 10:46:00', '2012-09-19 01:21:12'),
(146, @DEMOID, 'Снятие наличных', 4, 3, 1, 147, NULL, NULL, '-16000.00', 0, '2012-09-18 10:06:00', '2012-09-19 01:22:04'),
(147, @DEMOID, 'Снятие наличных', 4, 1, 3, 146, NULL, NULL, '16000.00', 0, '2012-09-18 10:06:00', '2012-09-19 01:22:04'),
(148, @DEMOID, 'Еда и выпивка в Дикси у дома', 1, 3, NULL, NULL, 8, NULL, '0.00', 0, '2012-09-17 22:50:00', '2012-09-19 01:25:52'),
(149, @DEMOID, 'Амстел 0.5 л x3', 8, 3, NULL, NULL, 8, 148, '-125.70', 0, '2012-09-17 22:50:00', '2012-09-19 01:25:52'),
(150, @DEMOID, 'Чипсы Лэйс золотистые x2', 1, 3, NULL, NULL, 8, 148, '-61.80', 0, '2012-09-17 22:50:00', '2012-09-19 01:25:52'),
(151, @DEMOID, 'Пакет большой', 1, 3, NULL, NULL, 8, 148, '-2.50', 0, '2012-09-17 22:50:00', '2012-09-19 01:25:52'),
(152, @DEMOID, 'Кока-Кола 2 л', 1, 3, NULL, NULL, 8, 148, '-51.90', 0, '2012-09-17 22:50:00', '2012-09-19 01:25:52'),
(153, @DEMOID, 'Еда на работу в РиоМаге', 1, 1, NULL, NULL, 1, NULL, '0.00', 0, '2012-09-17 11:55:00', '2012-09-19 01:28:13'),
(154, @DEMOID, 'Киндер-шоколад большой', 1, 1, NULL, NULL, 1, 153, '-56.80', 0, '2012-09-17 11:55:00', '2012-09-19 01:28:13'),
(155, @DEMOID, 'Сырные палочки x2', 1, 1, NULL, NULL, 1, 153, '-28.80', 0, '2012-09-17 11:55:00', '2012-09-19 01:28:13'),
(156, @DEMOID, 'Пепси-Кола 1 л', 1, 1, NULL, NULL, 1, 153, '-40.90', 0, '2012-09-17 11:55:00', '2012-09-19 01:28:13'),
(157, @DEMOID, 'Простыня Dvala красная', 15, 3, NULL, NULL, 22, NULL, '-549.00', 0, '2012-09-16 17:11:00', '2012-09-19 01:30:18'),
(158, @DEMOID, 'Еда в Крошке-Картошке в МЕГА Дыбенко', 1, 1, NULL, NULL, 23, NULL, '0.00', 0, '2012-09-16 15:09:00', '2012-09-19 01:33:04'),
(159, @DEMOID, 'Бутерброд с ветчиной и сыром', 1, 1, NULL, NULL, 23, 158, '-60.00', 0, '2012-09-16 15:09:00', '2012-09-19 01:33:04'),
(160, @DEMOID, 'Сибирская корона разливное 0.3 л', 8, 1, NULL, NULL, 23, 158, '-62.00', 0, '2012-09-16 15:09:00', '2012-09-19 01:33:04'),
(161, @DEMOID, 'Картофель печеный с мясом и маслом', 1, 1, NULL, NULL, 23, 158, '-70.00', 0, '2012-09-16 15:09:00', '2012-09-19 01:33:04'),
(162, @DEMOID, 'Еда в ресторане Икея в МЕГА Дыбенко', 1, 1, NULL, NULL, 24, NULL, '0.00', 0, '2012-09-16 17:36:00', '2012-09-19 01:35:15'),
(163, @DEMOID, 'Пиво разливное 0.5 л', 8, 1, NULL, NULL, 24, 162, '-59.00', 0, '2012-09-16 17:36:00', '2012-09-19 01:35:15'),
(164, @DEMOID, 'Фрикадельки с картошкой-фри 10 шт.', 1, 1, NULL, NULL, 24, 162, '-119.00', 0, '2012-09-16 17:36:00', '2012-09-19 01:35:15'),
(165, @DEMOID, 'Еда в Пицце-Оллис на Пионерской пл. с девушкой', 7, 1, NULL, NULL, 25, NULL, '0.00', 0, '2012-09-15 19:06:00', '2012-09-19 01:38:59'),
(166, @DEMOID, 'Кроненбург Бланк 0.5 л', 8, 1, NULL, NULL, 25, 165, '-79.00', 0, '2012-09-15 19:06:00', '2012-09-25 23:28:42'),
(167, @DEMOID, 'Кроненбург Бланк 0.5 л для девушки', 7, 1, NULL, NULL, 25, 165, '-79.00', 0, '2012-09-15 19:06:00', '2012-09-25 23:28:42'),
(168, @DEMOID, 'Чизкейк шоколадный для соседки домой', 6, 1, NULL, NULL, 25, 165, '-145.00', 0, '2012-09-15 19:06:00', '2012-09-25 23:28:42'),
(169, @DEMOID, 'Чаевые', 1, 1, NULL, NULL, 25, 165, '-87.00', 0, '2012-09-15 19:06:00', '2012-09-25 23:28:42'),
(170, @DEMOID, 'Пицца Четыре Сеньора семейная для себя и девушки', 7, 1, NULL, NULL, 25, 165, '-810.00', 0, '2012-09-15 19:06:00', '2012-09-25 23:28:42'),
(171, @DEMOID, 'Жетоны метро x3', 3, 1, NULL, NULL, 5, NULL, '-81.00', 0, '2012-09-19 11:10:00', '2012-09-20 09:53:11'),
(172, @DEMOID, 'Проезд м. Удельная -> Новоколомяжский просп. @ маршр. К-40', 3, 1, NULL, NULL, 4, NULL, '-30.00', 0, '2012-09-19 11:50:00', '2012-09-20 09:53:57'),
(173, @DEMOID, 'Еда на работу в РиоМаге', 1, 1, NULL, NULL, 1, NULL, '0.00', 0, '2012-09-19 12:06:00', '2012-09-20 10:09:26'),
(174, @DEMOID, 'Нектар Моя семья ананас 2 л', 1, 1, NULL, NULL, 1, 173, '-84.90', 0, '2012-09-19 12:06:00', '2012-09-20 10:09:26'),
(175, @DEMOID, 'Киндер-шоколад большой', 1, 1, NULL, NULL, 1, 173, '-56.80', 0, '2012-09-19 12:06:00', '2012-09-20 10:09:26'),
(176, @DEMOID, 'Багет с чесночным маслом x2', 1, 1, NULL, NULL, 1, 173, '-92.80', 0, '2012-09-19 12:06:00', '2012-09-20 10:09:26'),
(177, @DEMOID, 'Кино З/Л/О в КАРО-Фильм Пионерская с девушкой', 7, 1, NULL, NULL, 26, NULL, '0.00', 0, '2012-09-19 19:53:00', '2012-09-25 23:27:23'),
(178, @DEMOID, 'Кино З/Л/О в КАРО-Фильм Пионерская', 16, 1, NULL, NULL, 26, 177, '-250.00', 0, '2012-09-19 19:53:00', '2012-09-25 23:27:23'),
(179, @DEMOID, 'Кино З/Л/О в КАРО-Фильм Пионерская для девушки', 7, 1, NULL, NULL, 26, 177, '-250.00', 0, '2012-09-19 19:53:00', '2012-09-25 23:27:23'),
(180, @DEMOID, 'Пиво в КАРО-Фильм на Пионерской', 7, 1, NULL, NULL, 26, NULL, '0.00', 0, '2012-09-19 19:55:00', '2012-09-20 10:24:08'),
(181, @DEMOID, 'Эдельвейс 0.5 л для девушки', 7, 1, NULL, NULL, 26, 180, '-130.00', 0, '2012-09-19 19:55:00', '2012-09-25 23:27:07'),
(182, @DEMOID, 'Эдельвейс 0.5 л', 8, 1, NULL, NULL, 26, 180, '-130.00', 0, '2012-09-19 19:55:00', '2012-09-25 23:27:07'),
(183, @DEMOID, 'Жетоны метро x3', 3, 1, NULL, NULL, 5, NULL, '-81.00', 0, '2012-09-20 20:00:00', '2012-09-20 21:16:58'),
(184, @DEMOID, 'Еда и выпивка в Дикси у дома', 1, 3, NULL, NULL, 8, NULL, '0.00', 0, '2012-09-21 16:39:00', '2012-09-21 16:54:38'),
(185, @DEMOID, 'Чебурели x2', 1, 3, NULL, NULL, 8, 184, '-159.80', 0, '2012-09-21 16:39:00', '2012-09-21 16:54:38'),
(186, @DEMOID, 'Бельмеши x2', 1, 3, NULL, NULL, 8, 184, '-193.80', 0, '2012-09-21 16:39:00', '2012-09-21 16:54:38'),
(187, @DEMOID, 'Кока-Кола 2 л', 1, 3, NULL, NULL, 8, 184, '-51.90', 0, '2012-09-21 16:39:00', '2012-09-21 16:54:38'),
(188, @DEMOID, 'Жвачка Орбит', 1, 3, NULL, NULL, 8, 184, '-18.90', 0, '2012-09-21 16:39:00', '2012-09-21 16:54:38'),
(189, @DEMOID, 'Олд Бобби лагер 0.5 л x4', 8, 3, NULL, NULL, 8, 184, '-183.60', 0, '2012-09-21 16:39:00', '2012-09-21 16:54:38'),
(190, @DEMOID, 'Проезд СПб-Финляндский -> Выборг @ электричка-экспресс с девушкой', 17, 1, NULL, NULL, 27, NULL, '0.00', 0, '2012-09-22 11:30:00', '2012-09-25 23:26:49'),
(191, @DEMOID, 'Проезд СПб-Финляндский -> Выборг @ электричка-экспресс', 17, 1, NULL, NULL, 27, 190, '-235.00', 0, '2012-09-22 11:30:00', '2012-09-25 23:26:49'),
(192, @DEMOID, 'Проезд СПб-Финляндский -> Выборг @ электричка-экспресс для девушки', 17, 1, NULL, NULL, 27, 190, '-23.60', 0, '2012-09-22 11:30:00', '2012-09-25 23:26:49'),
(193, @DEMOID, 'Подъем на башню св. Олафа с девушкой', 17, 1, NULL, NULL, 28, NULL, '0.00', 0, '2012-09-22 14:00:00', '2012-09-25 23:26:34'),
(194, @DEMOID, 'Вход на Замковый остров', 17, 1, NULL, NULL, 28, 193, '-10.00', 0, '2012-09-22 14:00:00', '2012-09-25 23:26:34'),
(195, @DEMOID, 'Билет на башню св. Олафа', 17, 1, NULL, NULL, 28, 193, '-40.00', 0, '2012-09-22 14:00:00', '2012-09-25 23:26:34'),
(196, @DEMOID, 'Билет на башню св. Олафа для девушки', 17, 1, NULL, NULL, 28, 193, '-30.00', 0, '2012-09-22 14:00:00', '2012-09-25 23:26:34'),
(197, @DEMOID, 'Вход в парк Монрепо', 17, 1, NULL, NULL, 28, 199, '-50.00', 0, '2012-09-22 16:00:00', '2012-09-25 23:25:45'),
(198, @DEMOID, 'Вход в парк Монрепо для девушки', 17, 1, NULL, NULL, 28, 199, '-25.00', 0, '2012-09-22 16:00:00', '2012-09-25 23:25:45'),
(199, @DEMOID, 'Парк Монрепо с девушкой', 17, 1, NULL, NULL, 28, NULL, '0.00', 0, '2012-09-22 16:00:00', '2012-09-25 23:25:45'),
(200, @DEMOID, 'Перекус в парке Монрепо с девушкой', 17, 1, NULL, NULL, 6, NULL, '0.00', 0, '2012-09-22 16:15:00', '2012-09-25 23:25:33'),
(201, @DEMOID, 'Сок 0.2 л', 17, 1, NULL, NULL, 6, 200, '-20.00', 0, '2012-09-22 16:15:00', '2012-09-25 23:25:33'),
(202, @DEMOID, 'Мороженое Сахарная трубочка', 17, 1, NULL, NULL, 6, 200, '-35.00', 0, '2012-09-22 16:15:00', '2012-09-25 23:25:33'),
(203, @DEMOID, 'Еда в кафе парка Монрепо с девушкой', 17, 1, NULL, NULL, 29, NULL, '0.00', 0, '2012-09-22 17:30:00', '2012-09-25 23:25:22'),
(204, @DEMOID, 'Кофе с сахаром для девушки', 17, 1, NULL, NULL, 29, 203, '-62.00', 0, '2012-09-22 17:30:00', '2012-09-25 23:25:22'),
(205, @DEMOID, 'Чай черный с сахаром', 17, 1, NULL, NULL, 29, 203, '-18.00', 0, '2012-09-22 17:30:00', '2012-09-25 23:25:22'),
(206, @DEMOID, 'Жареная картошка', 17, 1, NULL, NULL, 29, 203, '-45.00', 0, '2012-09-22 17:30:00', '2012-09-25 23:25:22'),
(207, @DEMOID, 'Жареная картошка для девушки', 17, 1, NULL, NULL, 29, 203, '-45.00', 0, '2012-09-22 17:30:00', '2012-09-25 23:25:22'),
(208, @DEMOID, 'Суп-лапша для девушки', 17, 1, NULL, NULL, 29, 203, '-130.00', 0, '2012-09-22 17:30:00', '2012-09-25 23:25:22'),
(209, @DEMOID, 'Котлета по-киевски', 17, 1, NULL, NULL, 29, 203, '-130.00', 0, '2012-09-22 17:30:00', '2012-09-25 23:25:22'),
(210, @DEMOID, 'Проезд Выборг -> а/станция Парнас @ авт. 850 с девушкой', 17, 1, NULL, NULL, 30, NULL, '0.00', 0, '2012-09-22 19:20:00', '2012-09-25 23:24:14'),
(211, @DEMOID, 'Проезд Выборг -> а/станция Парнас @ авт. 850', 17, 1, NULL, NULL, 30, 210, '-200.00', 0, '2012-09-22 19:20:00', '2012-09-25 23:24:14'),
(212, @DEMOID, 'Проезд Выборг -> а/станция Парнас @ авт. 850 для девушки', 17, 1, NULL, NULL, 30, 210, '-200.00', 0, '2012-09-22 19:20:00', '2012-09-25 23:24:14'),
(213, @DEMOID, 'Еда и выпивка в Дикси у дома', 1, 3, NULL, NULL, 8, NULL, '0.00', 0, '2012-09-24 11:48:00', '2012-09-25 01:21:31'),
(214, @DEMOID, 'Амстел 0.5 л x2', 8, 3, NULL, NULL, 8, 213, '-83.80', 0, '2012-09-24 11:48:00', '2012-09-25 01:21:31'),
(215, @DEMOID, 'Чипсы Лэйс золотистые x2', 1, 3, NULL, NULL, 8, 213, '-61.80', 0, '2012-09-24 11:48:00', '2012-09-25 01:21:31'),
(216, @DEMOID, 'Эдельвейс 0.5 л x2', 8, 3, NULL, NULL, 8, 213, '-133.80', 0, '2012-09-24 11:48:00', '2012-09-25 01:21:31'),
(217, @DEMOID, 'Кока-Кола 2 л', 1, 3, NULL, NULL, 8, 213, '-51.90', 0, '2012-09-24 11:48:00', '2012-09-25 01:21:31'),
(218, @DEMOID, 'Cнятие наличных', 4, 3, 1, 219, NULL, NULL, '-3000.00', 0, '2012-09-24 11:59:00', '2012-09-25 01:22:07'),
(219, @DEMOID, 'Cнятие наличных', 4, 1, 3, 218, NULL, NULL, '3000.00', 0, '2012-09-24 11:59:00', '2012-09-25 01:22:07'),
(220, @DEMOID, 'Пицца Четыре Сеньора обычная для себя и девушки заказ', 1, 1, NULL, NULL, 25, NULL, '-361.00', 0, '2012-09-24 19:35:00', '2012-09-25 23:23:55'),
(221, @DEMOID, 'Арендная плата (пополам с соседкой)', 18, 1, NULL, NULL, 31, 225, '-12500.00', 0, '2012-09-24 21:45:00', '2012-09-25 23:23:44'),
(222, @DEMOID, 'Плата за телефон/интернет (пополам с соседкой)', 18, 1, NULL, NULL, 31, 225, '-275.00', 0, '2012-09-24 21:45:00', '2012-09-25 23:23:44'),
(223, @DEMOID, 'Плата за электричество (пополам с соседкой)', 18, 1, NULL, NULL, 31, 225, '-100.00', 0, '2012-09-24 21:45:00', '2012-09-25 23:23:44'),
(224, @DEMOID, 'Плата за холодную и горячую воду (пополам с соседкой)', 18, 1, NULL, NULL, 31, 225, '-625.00', 0, '2012-09-24 21:45:00', '2012-09-25 23:23:44'),
(225, @DEMOID, 'Плата за съемную квартиру', 18, 1, NULL, NULL, 31, NULL, '0.00', 0, '2012-09-24 21:45:00', '2012-09-25 23:23:44'),
(226, @DEMOID, 'Жетоны метро x3', 3, 1, NULL, NULL, 5, NULL, '-81.00', 0, '2012-09-25 11:15:00', '2012-09-25 18:06:47'),
(227, @DEMOID, 'Еда в Макдоналдсе у м. Удельной', 1, 1, NULL, NULL, 3, NULL, '0.00', 0, '2012-09-25 20:00:00', '2012-09-25 22:50:50'),
(228, @DEMOID, 'Чизбургер x2', 1, 1, NULL, NULL, 3, 227, '-84.00', 0, '2012-09-25 20:00:00', '2012-09-25 22:50:50'),
(229, @DEMOID, 'Кока-Кола мал.', 1, 1, NULL, NULL, 3, 227, '-34.00', 0, '2012-09-25 20:00:00', '2012-09-25 22:50:50'),
(230, @DEMOID, 'Картошка-фри бол.', 1, 1, NULL, NULL, 3, 227, '-67.00', 0, '2012-09-25 20:00:00', '2012-09-25 22:50:50'),
(231, @DEMOID, 'Проезд Новоколомяжский просп. -> м. Удельная @ маршр. К-40', 3, 1, NULL, NULL, 4, NULL, '-30.00', 0, '2012-09-25 19:45:00', '2012-09-25 22:53:29');

INSERT INTO transaction_categories (id, user_id, title, color) VALUES
(1, @DEMOID, 'Питание', '#236e00'),
(2, @DEMOID, 'Сотовый и мобильный интернет', '#8a0074'),
(3, @DEMOID, 'Проезд', '#00369e'),
(4, @DEMOID, 'Переводы между счетами/занесение/съем наличных', '#878787'),
(5, @DEMOID, 'Хозтовары', '#74a3a3'),
(6, @DEMOID, 'Друзья', '#1400ff'),
(7, @DEMOID, 'Девушка', '#e05e7d'),
(8, @DEMOID, 'Выпивка', '#00cf14'),
(9, @DEMOID, 'Работа', '#00cae6'),
(10, @DEMOID, 'Лечение', '#778233'),
(11, @DEMOID, 'Одежда/обувь и подобное', '#ab0000'),
(12, @DEMOID, 'Софт', '#bd00ff'),
(13, @DEMOID, 'Комиссии и обслуживание счетов', '#e3e3e3'),
(14, @DEMOID, 'Долги', '#ff0000'),
(15, @DEMOID, 'Для дома', '#b38122'),
(16, @DEMOID, 'Культурные мероприятия', '#ff6b00'),
(17, @DEMOID, 'Путешествия', '#426648'),
(18, @DEMOID, 'Жилье', '#c93b0e');

INSERT INTO transaction_tags (id, user_id, title) VALUES
(22, @DEMOID, 'автобус 26'),
(60, @DEMOID, 'аренда жилья'),
(43, @DEMOID, 'Бургер-Кинг'),
(13, @DEMOID, 'быт. химия и пр. расходуемые хозтовары'),
(44, @DEMOID, 'вино/шампанское'),
(16, @DEMOID, 'вкусное для соседки'),
(39, @DEMOID, 'выплата долгов'),
(10, @DEMOID, 'газировка'),
(29, @DEMOID, 'девушка'),
(11, @DEMOID, 'другое питье'),
(15, @DEMOID, 'друзья (соседка)'),
(19, @DEMOID, 'еда (домой)'),
(57, @DEMOID, 'еда (заказ)'),
(31, @DEMOID, 'еда (кафе)'),
(3, @DEMOID, 'еда (перекус)'),
(2, @DEMOID, 'еда (фаст-фуд)'),
(50, @DEMOID, 'еда для себя в кафе'),
(24, @DEMOID, 'жвачка'),
(45, @DEMOID, 'закуски'),
(61, @DEMOID, 'квартплата'),
(52, @DEMOID, 'кино'),
(41, @DEMOID, 'колбаса'),
(1, @DEMOID, 'Макдоналдс'),
(35, @DEMOID, 'маршрутка К-195'),
(46, @DEMOID, 'маршрутка К-20'),
(48, @DEMOID, 'маршрутка К-339'),
(47, @DEMOID, 'маршрутка К-344'),
(6, @DEMOID, 'маршрутка К-40'),
(56, @DEMOID, 'междугородние автобусы'),
(34, @DEMOID, 'мелкие покупки для соседки'),
(40, @DEMOID, 'мелкие товары для дома'),
(5, @DEMOID, 'метро'),
(30, @DEMOID, 'музеи'),
(21, @DEMOID, 'основная работа'),
(38, @DEMOID, 'переводы между счетами через наличные'),
(20, @DEMOID, 'пиво'),
(7, @DEMOID, 'питье'),
(58, @DEMOID, 'пицца'),
(25, @DEMOID, 'полуфабрикаты'),
(49, @DEMOID, 'постельное белье'),
(37, @DEMOID, 'прикладной софт'),
(26, @DEMOID, 'проезд (дела)'),
(4, @DEMOID, 'проезд (на работу)'),
(23, @DEMOID, 'проезд (отдых)'),
(32, @DEMOID, 'прочий городской транспорт'),
(54, @DEMOID, 'путешествия'),
(33, @DEMOID, 'ремонт одежды'),
(12, @DEMOID, 'сотовый'),
(36, @DEMOID, 'софт для разработки'),
(28, @DEMOID, 'стоматология'),
(8, @DEMOID, 'сухомятка'),
(27, @DEMOID, 'троллейбус 20'),
(42, @DEMOID, 'упаковка'),
(9, @DEMOID, 'фаст-фудная еда'),
(51, @DEMOID, 'чаевые'),
(55, @DEMOID, 'чай'),
(14, @DEMOID, 'шоколадки и сладости'),
(53, @DEMOID, 'электрички');

INSERT INTO ref_transactions_tags (transaction_id, tag_id) VALUES
(1, 4),
(1, 6),
(2, 3),
(3, 3),
(3, 8),
(4, 3),
(4, 7),
(4, 10),
(5, 3),
(5, 8),
(8, 4),
(8, 5),
(9, 4),
(9, 6),
(10, 3),
(11, 3),
(11, 7),
(11, 11),
(12, 3),
(12, 8),
(13, 1),
(13, 2),
(14, 1),
(14, 2),
(14, 7),
(14, 10),
(15, 1),
(15, 2),
(15, 9),
(16, 1),
(16, 2),
(16, 9),
(17, 12),
(18, 4),
(18, 6),
(19, 3),
(20, 13),
(21, 3),
(21, 7),
(21, 11),
(22, 3),
(22, 14),
(23, 3),
(23, 8),
(24, 4),
(24, 5),
(25, 15),
(25, 16),
(26, 1),
(26, 2),
(26, 29),
(27, 29),
(28, 1),
(28, 2),
(28, 7),
(28, 10),
(29, 29),
(30, 29),
(31, 1),
(31, 2),
(31, 9),
(32, 1),
(32, 2),
(32, 9),
(33, 19),
(34, 19),
(34, 20),
(35, 7),
(35, 10),
(35, 19),
(36, 19),
(36, 20),
(37, 21),
(38, 4),
(38, 5),
(39, 4),
(39, 6),
(40, 4),
(40, 5),
(41, 22),
(41, 23),
(42, 3),
(43, 3),
(43, 7),
(43, 11),
(44, 3),
(44, 14),
(45, 3),
(45, 14),
(46, 1),
(46, 2),
(47, 1),
(47, 2),
(47, 7),
(47, 10),
(48, 1),
(48, 2),
(48, 9),
(49, 1),
(49, 2),
(49, 9),
(50, 19),
(51, 24),
(52, 19),
(52, 25),
(53, 19),
(53, 20),
(54, 7),
(54, 10),
(54, 19),
(55, 19),
(55, 20),
(56, 4),
(56, 6),
(57, 4),
(57, 6),
(58, 3),
(59, 3),
(59, 7),
(59, 10),
(60, 3),
(60, 8),
(63, 26),
(63, 27),
(64, 28),
(65, 4),
(65, 5),
(66, 4),
(66, 6),
(67, 20),
(67, 29),
(68, 3),
(69, 3),
(69, 8),
(70, 3),
(70, 7),
(70, 11),
(71, 3),
(71, 14),
(72, 5),
(72, 23),
(73, 29),
(73, 30),
(74, 29),
(74, 31),
(75, 23),
(75, 29),
(75, 32),
(78, 33),
(79, 2),
(79, 9),
(79, 20),
(79, 29),
(80, 15),
(80, 34),
(81, 23),
(81, 35),
(82, 4),
(82, 5),
(83, 12),
(84, 4),
(84, 6),
(85, 3),
(86, 3),
(86, 8),
(87, 3),
(87, 7),
(87, 10),
(88, 36),
(88, 37),
(89, 1),
(89, 2),
(90, 1),
(90, 2),
(90, 7),
(90, 10),
(91, 1),
(91, 2),
(91, 9),
(92, 1),
(92, 2),
(92, 9),
(94, 38),
(95, 38),
(98, 40),
(99, 19),
(100, 19),
(100, 41),
(101, 19),
(101, 25),
(102, 19),
(102, 20),
(103, 7),
(103, 10),
(103, 19),
(104, 19),
(104, 20),
(105, 19),
(105, 41),
(106, 42),
(107, 4),
(107, 6),
(108, 4),
(108, 5),
(109, 22),
(109, 23),
(110, 3),
(111, 3),
(111, 8),
(112, 3),
(112, 7),
(112, 11),
(113, 3),
(114, 3),
(114, 8),
(115, 3),
(115, 14),
(116, 3),
(116, 7),
(116, 10),
(117, 15),
(117, 16),
(117, 43),
(118, 2),
(118, 9),
(118, 43),
(119, 19),
(120, 19),
(120, 25),
(121, 19),
(121, 44),
(122, 19),
(122, 45),
(123, 7),
(123, 10),
(123, 19),
(124, 19),
(124, 20),
(125, 42),
(126, 4),
(126, 6),
(127, 4),
(127, 5),
(128, 3),
(129, 3),
(129, 7),
(129, 11),
(130, 3),
(130, 8),
(131, 3),
(131, 14),
(134, 24),
(135, 28),
(136, 26),
(136, 46),
(137, 4),
(137, 6),
(138, 4),
(138, 5),
(139, 21),
(140, 23),
(140, 47),
(141, 23),
(141, 48),
(142, 4),
(142, 6),
(143, 4),
(143, 5),
(144, 26),
(144, 46),
(145, 28),
(148, 19),
(149, 19),
(149, 20),
(150, 19),
(150, 45),
(151, 42),
(152, 7),
(152, 10),
(152, 19),
(153, 3),
(154, 3),
(154, 14),
(155, 3),
(155, 8),
(156, 3),
(156, 7),
(156, 10),
(157, 49),
(158, 2),
(159, 2),
(159, 9),
(160, 2),
(160, 20),
(161, 2),
(161, 9),
(162, 31),
(163, 20),
(163, 31),
(164, 31),
(164, 50),
(165, 29),
(165, 31),
(165, 58),
(166, 20),
(166, 31),
(167, 29),
(168, 15),
(169, 51),
(170, 29),
(170, 31),
(170, 58),
(171, 4),
(171, 5),
(172, 4),
(172, 6),
(173, 3),
(174, 3),
(174, 7),
(174, 11),
(175, 3),
(175, 14),
(176, 3),
(176, 8),
(177, 29),
(177, 52),
(178, 52),
(179, 29),
(180, 20),
(180, 29),
(181, 29),
(182, 20),
(183, 4),
(183, 5),
(184, 19),
(185, 19),
(185, 25),
(186, 19),
(186, 25),
(187, 7),
(187, 10),
(187, 19),
(188, 24),
(189, 19),
(189, 20),
(190, 23),
(190, 29),
(190, 53),
(190, 54),
(191, 23),
(191, 53),
(191, 54),
(192, 29),
(192, 54),
(193, 29),
(193, 30),
(193, 54),
(194, 30),
(194, 54),
(195, 30),
(195, 54),
(196, 29),
(196, 54),
(197, 30),
(197, 54),
(198, 29),
(198, 54),
(199, 29),
(199, 30),
(199, 54),
(200, 3),
(200, 29),
(200, 54),
(201, 3),
(201, 7),
(201, 11),
(201, 54),
(202, 29),
(202, 54),
(203, 29),
(203, 31),
(203, 54),
(204, 29),
(204, 54),
(205, 7),
(205, 31),
(205, 54),
(205, 55),
(206, 31),
(206, 50),
(206, 54),
(207, 29),
(207, 54),
(208, 29),
(208, 54),
(209, 31),
(209, 50),
(209, 54),
(210, 29),
(210, 54),
(210, 56),
(211, 54),
(211, 56),
(212, 29),
(212, 54),
(213, 19),
(214, 19),
(214, 20),
(215, 19),
(215, 45),
(216, 19),
(216, 20),
(217, 7),
(217, 10),
(217, 19),
(220, 29),
(220, 57),
(220, 58),
(221, 60),
(222, 61),
(223, 61),
(224, 61),
(226, 4),
(226, 5),
(227, 1),
(227, 2),
(228, 1),
(228, 2),
(228, 9),
(229, 1),
(229, 2),
(229, 10),
(230, 1),
(230, 2),
(230, 9),
(231, 4),
(231, 6);

-- Done with data dump
SET FOREIGN_KEY_CHECKS=1;

-- Determine last transaction date
SET @tmp = (SELECT created_at
            FROM transactions
            WHERE user_id = @DEMOID
            ORDER BY created_at DESC
            LIMIT 1);

-- Sync accounts and transaction dates so that they appear recent
UPDATE accounts
   SET created_at = ADDDATE(created_at, INTERVAL ROUND(TO_DAYS(NOW()) - TO_DAYS(@tmp) - 1) DAY)
 WHERE user_id = @DEMOID;

UPDATE transactions
   SET created_at = ADDDATE(created_at, INTERVAL ROUND(TO_DAYS(NOW()) - TO_DAYS(@tmp) - 1) DAY)
 WHERE user_id = @DEMOID;

-- Set sample budget to current month
UPDATE budgets
   SET year = YEAR(NOW()), month = MONTH(NOW())
 WHERE user_id = @DEMOID;

-- Fixed non-removeable notice for demo user
INSERT INTO notifications (user_id, uniqid, message, output_class, no_dismiss) VALUES
(@DEMOID, 'demo_warning', '<span class="label label-important">ВНИМАНИЕ!</span> Это демонстрационный аккаунт. Все данные в нем будут сбрасываться ежечасно.', 'warning', 1);

COMMIT;
